arm,label,seed,gpu,repeat,gpu_energy_joules,endpoint_wall_seconds,joules_per_window_second
official,Official,1884470933,0,0,11529.671,44.97854380682111,256.33713375690695
official,Official,1884470933,0,1,11592.822,45.03984823077917,257.39034333774106
official,Official,1884470933,0,2,11831.2,45.15213507041335,262.0296909891329
official,Official,1884470933,1,0,10900.913,45.210044734179974,241.11705847879034
official,Official,1884470933,1,1,10903.276,45.19042367488146,241.27403802280463
official,Official,1884470933,1,2,11015.572,45.17531295120716,243.8405244009637
official,Official,1884470933,2,0,11873.193,45.21972877904773,262.566656647029
official,Official,1884470933,2,1,11933.748,45.252002131193876,263.7175691232814
official,Official,1884470933,2,2,12041.461,45.342940744012594,265.56418270224435
official,Official,1884470933,3,0,11480.701,45.295753903687,253.46086576705568
official,Official,1884470933,3,1,11507.947,45.30880173295736,253.98921533670102
official,Official,1884470933,3,2,11726.342,45.306265875697136,258.8238464006843
official,Official,55048408,0,0,12039.663,45.064195066690445,267.1669377913556
official,Official,55048408,0,1,11840.808,45.10955381765962,262.49002700985545
official,Official,55048408,0,2,11743.17,45.075655587017536,260.5213356759743
official,Official,55048408,1,0,11296.346,45.1362911015749,250.27191477870113
official,Official,55048408,1,1,11103.404,45.13527361303568,246.00280692201648
official,Official,55048408,1,2,10884.235,45.17097067832947,240.95641153050656
official,Official,55048408,2,0,12412.639,45.20338337495923,274.5953526761025
official,Official,55048408,2,1,12216.903,45.22326346486807,270.1464260643367
official,Official,55048408,2,2,11937.346,45.3073601052165,263.4747637531321
official,Official,55048408,3,0,12052.084,45.420107409358025,265.34688461606055
official,Official,55048408,3,1,11788.718,45.42503418400884,259.5202890160957
official,Official,55048408,3,2,11719.37,45.42160911858082,258.0130961323849
official,Official,979986572,0,0,11876.708,45.12893824651837,263.1727769690276
official,Official,979986572,0,1,11919.885,45.09109301865101,264.35121000658785
official,Official,979986572,0,2,11984.39,45.063383135944605,265.9451902189897
official,Official,979986572,1,0,11003.197,45.14579577744007,243.72584003710125
official,Official,979986572,1,1,11027.812,45.15092008933425,244.24335048279644
official,Official,979986572,1,2,11041.482,45.1364920809865,244.6242827242475
official,Official,979986572,2,0,12029.039,45.36913471668959,265.1370601426739
official,Official,979986572,2,1,12101.115,45.369037453085184,266.726289102197
official,Official,979986572,2,2,12152.487,45.296154368668795,268.28959697306743
official,Official,979986572,3,0,11800.545,45.27388076484203,260.6479674515522
official,Official,979986572,3,1,11841.643,45.22249135747552,261.8529551234579
official,Official,979986572,3,2,11907.286,45.19618705287576,263.4577555418441
ls,LS,1884470933,0,0,1053.332,4.5152046121656895,233.2855519242518
ls,LS,1884470933,0,1,1057.189,4.511031273752451,234.3563890038362
ls,LS,1884470933,0,2,1053.645,4.515928585082293,233.31746287586603
ls,LS,1884470933,1,0,979.754,4.516063380986452,216.9486823690217
ls,LS,1884470933,1,1,980.419,4.514796759933233,217.15684052508686
ls,LS,1884470933,1,2,980.547,4.519907437264919,216.93961958507438
ls,LS,1884470933,2,0,1070.769,4.524663537740707,236.65162968883766
ls,LS,1884470933,2,1,1074.242,4.523282904177904,237.491667613313
ls,LS,1884470933,2,2,1070.691,4.524514749646187,236.6421725299331
ls,LS,1884470933,3,0,1050.508,4.519858960062265,232.4205266762413
ls,LS,1884470933,3,1,1053.053,4.5184991136193275,233.05371397019096
ls,LS,1884470933,3,2,1051.892,4.521809011697769,232.62636641193615
ls,LS,55048408,0,0,1001.583,4.504729561507702,222.3403172874993
ls,LS,55048408,0,1,1022.152,4.506100136786699,226.83739130770778
ls,LS,55048408,0,2,1024.175,4.502742398530245,227.45582788264866
ls,LS,55048408,1,0,954.124,4.50856676697731,211.6246801507779
ls,LS,55048408,1,1,952.838,4.51053835824132,211.2470672728113
ls,LS,55048408,1,2,957.518,4.504133749753237,212.58649347445746
ls,LS,55048408,2,0,1049.995,4.517145678400993,232.4465657639989
ls,LS,55048408,2,1,1052.7,4.515455070883036,233.13264853151017
ls,LS,55048408,2,2,1052.877,4.515259899199009,233.1819260695883
ls,LS,55048408,3,0,1015.636,4.518151491880417,224.7901607162138
ls,LS,55048408,3,1,1016.879,4.517552621662617,225.09510904728612
ls,LS,55048408,3,2,1017.688,4.515258707106113,225.38863573827183
ls,LS,979986572,0,0,1060.239,4.510731443762779,235.04813204209864
ls,LS,979986572,0,1,1062.241,4.510224185883999,235.51844791320545
ls,LS,979986572,0,2,1059.595,4.5093511417508125,234.9772653962359
ls,LS,979986572,1,0,960.623,4.510808307677507,212.9602799491603
ls,LS,979986572,1,1,981.362,4.509954314678907,217.59910001879243
ls,LS,979986572,1,2,978.83,4.511574409902096,216.9597375700252
ls,LS,979986572,2,0,1076.742,4.517561204731464,238.34585768805414
ls,LS,979986572,2,1,1076.498,4.5241804495453835,237.94320584807198
ls,LS,979986572,2,2,1075.121,4.519713364541531,237.8737130621242
ls,LS,979986572,3,0,1055.95,4.516303524374962,233.80846621599449
ls,LS,979986572,3,1,1034.684,4.521931931376457,228.81458980410758
ls,LS,979986572,3,2,1033.633,4.521811924874783,228.58823347205518
la,LA,1884470933,0,0,782.373,3.549236688762903,220.43415770975207
la,LA,1884470933,0,1,780.991,3.548985503613949,220.06035223438167
la,LA,1884470933,0,2,803.407,3.549238033592701,226.3604166291306
la,LA,1884470933,1,0,754.844,3.551835436373949,212.52223351051887
la,LA,1884470933,1,1,736.051,3.5524683482944965,207.19424575686102
la,LA,1884470933,1,2,736.822,3.5528665333986282,207.38803247280026
la,LA,1884470933,2,0,800.471,3.5614865124225616,224.75755480413457
la,LA,1884470933,2,1,821.27,3.5619520768523216,230.56739177854183
la,LA,1884470933,2,2,801.978,3.564567904919386,224.9860351638152
la,LA,1884470933,3,0,786.34,3.5564723573625088,221.1011139653992
la,LA,1884470933,3,1,808.34,3.5561117231845856,227.31006867132726
la,LA,1884470933,3,2,787.562,3.5556831806898117,221.49386207328263
la,LA,55048408,0,0,792.111,3.545213833451271,223.43109251293842
la,LA,55048408,0,1,774.39,3.5455115772783756,218.4141789192637
la,LA,55048408,0,2,781.786,3.550853159278631,220.1684961139938
la,LA,55048408,1,0,721.242,3.5477413684129715,203.2961045079328
la,LA,55048408,1,1,724.082,3.548761799931526,204.0379266971289
la,LA,55048408,1,2,749.69,3.5534860119223595,210.9731113291857
la,LA,55048408,2,0,791.77,3.5531428828835487,222.83652138341253
la,LA,55048408,2,1,797.323,3.552516672760248,224.4389185035106
la,LA,55048408,2,2,823.659,3.554325994104147,231.7342307279273
la,LA,55048408,3,0,764.493,3.561545714735985,214.65202505667443
la,LA,55048408,3,1,789.265,3.5586876086890697,221.7854127102618
la,LA,55048408,3,2,771.599,3.5594359412789345,216.77563881730043
la,LA,979986572,0,0,776.003,3.5461180806159973,218.83168646916582
la,LA,979986572,0,1,780.907,3.55028023943305,219.95643930483197
la,LA,979986572,0,2,781.385,3.552730407565832,219.93928904258433
la,LA,979986572,1,0,731.797,3.551372304558754,206.0603443521316
la,LA,979986572,1,1,750.383,3.5513751804828644,211.29364312839903
la,LA,979986572,1,2,731.887,3.5491667985916138,206.213751433274
la,LA,979986572,2,0,796.56,3.5562786906957626,223.98694514128707
la,LA,979986572,2,1,798.133,3.5553812980651855,224.48590828621914
la,LA,979986572,2,2,797.512,3.5536464042961597,224.42075245186257
la,LA,979986572,3,0,769.877,3.5544910207390785,216.592754210959
la,LA,979986572,3,1,789.804,3.5560165718197823,222.10357686714036
la,LA,979986572,3,2,771.157,3.55524979531765,216.90655914406705
cs,CS,1884470933,0,0,920.58,3.8904279470443726,236.62692447482058
cs,CS,1884470933,0,1,941.556,3.8908920139074326,241.98975366947832
cs,CS,1884470933,0,2,940.274,3.8967162631452084,241.29906734370857
cs,CS,1884470933,1,0,874.758,3.8966498598456383,224.48976209390614
cs,CS,1884470933,1,1,875.458,3.895471703261137,224.73735318552067
cs,CS,1884470933,1,2,876.247,3.896860759705305,224.85971504567306
cs,CS,1884470933,2,0,954.517,3.900106865912676,244.74124243686092
cs,CS,1884470933,2,1,954.97,3.902766164392233,244.69055018281242
cs,CS,1884470933,2,2,956.757,3.9013292230665684,245.23872385421464
cs,CS,1884470933,3,0,937.373,3.9002095758914948,240.33913607981924
cs,CS,1884470933,3,1,937.505,3.901816289871931,240.2739981463278
cs,CS,1884470933,3,2,938.749,3.9005131274461746,240.67320614676083
cs,CS,55048408,0,0,941.184,3.884060926735401,242.3195767917771
cs,CS,55048408,0,1,923.165,3.883310228586197,237.72630710889615
cs,CS,55048408,0,2,947.598,3.882478680461645,244.07036792468003
cs,CS,55048408,1,0,874.161,3.893944311887026,224.49242464291353
cs,CS,55048408,1,1,877.322,3.891412604600191,225.4507781988688
cs,CS,55048408,1,2,862.356,3.8892646208405495,221.72726313840462
cs,CS,55048408,2,0,953.823,3.9023020043969154,244.4257258729029
cs,CS,55048408,2,1,934.344,3.9041631147265434,239.31991890288725
cs,CS,55048408,2,2,958.679,3.9013914056122303,245.72745985468694
cs,CS,55048408,3,0,924.679,3.8939060159027576,237.4682378628555
cs,CS,55048408,3,1,934.492,3.8944344371557236,239.95576638401454
cs,CS,55048408,3,2,921.838,3.8921143263578415,236.84761615485138
cs,CS,979986572,0,0,900.918,3.88371903821826,231.97301121280793
cs,CS,979986572,0,1,922.409,3.885313719511032,237.4091428879739
cs,CS,979986572,0,2,922.537,3.884170066565275,237.51199978114974
cs,CS,979986572,1,0,864.936,3.896568424999714,221.973774270386
cs,CS,979986572,1,1,845.966,3.897544216364622,217.05103342972785
cs,CS,979986572,1,2,868.451,3.8948859609663486,222.97212516705656
cs,CS,979986572,2,0,947.601,3.8984898068010807,243.06873865538134
cs,CS,979986572,2,1,928.484,3.899511393159628,238.10265091896147
cs,CS,979986572,2,2,947.233,3.8994570784270763,242.91407263856465
cs,CS,979986572,3,0,914.28,3.8996679708361626,234.45072935375086
cs,CS,979986572,3,1,912.892,3.9010641127824783,234.01102202057106
cs,CS,979986572,3,2,915.484,3.8995536118745804,234.76635818321566
ca,CA,1884470933,0,0,730.611,3.1845755092799664,229.42178568885353
ca,CA,1884470933,0,1,708.971,3.182876441627741,222.74537293613204
ca,CA,1884470933,0,2,729.217,3.181606288999319,229.19774911224286
ca,CA,1884470933,1,0,664.469,3.179368983954191,208.99398696831906
ca,CA,1884470933,1,1,682.975,3.1820147335529327,214.63602691663613
ca,CA,1884470933,1,2,684.243,3.1812848821282387,215.08384987585592
ca,CA,1884470933,2,0,741.941,3.186533808708191,232.8363810145106
ca,CA,1884470933,2,1,743.289,3.182260274887085,233.57266087431327
ca,CA,1884470933,2,2,720.957,3.185769248753786,226.30546775540162
ca,CA,1884470933,3,0,709.943,3.182033210992813,223.10986495910694
ca,CA,1884470933,3,1,729.627,3.183092560619116,229.21953606592155
ca,CA,1884470933,3,2,728.158,3.184023216366768,228.6911716777267
ca,CA,55048408,0,0,741.621,3.171385895460844,233.8476062031652
ca,CA,55048408,0,1,720.018,3.1729422956705093,226.92439159151021
ca,CA,55048408,0,2,742.434,3.172475378960371,234.02356561181497
ca,CA,55048408,1,0,690.558,3.173904709517956,217.57363979112029
ca,CA,55048408,1,1,691.698,3.175144985318184,217.84768985303023
ca,CA,55048408,1,2,670.81,3.1753197610378265,211.2574639666373
ca,CA,55048408,2,0,751.205,3.1844017915427685,235.90144999763322
ca,CA,55048408,2,1,752.254,3.1836750209331512,236.28479510434158
ca,CA,55048408,2,2,733.791,3.1812358237802982,230.6622459469314
ca,CA,55048408,3,0,741.695,3.1763154678046703,233.507977251588
ca,CA,55048408,3,1,739.173,3.177969790995121,232.592833983026
ca,CA,55048408,3,2,718.092,3.1778096556663513,225.97074016675933
ca,CA,979986572,0,0,700.68,3.173438422381878,220.79520908872487
ca,CA,979986572,0,1,721.761,3.1750934459269047,227.31960879006394
ca,CA,979986572,0,2,722.126,3.173396695405245,227.55617066267348
ca,CA,979986572,1,0,662.32,3.1749305836856365,208.60928531896974
ca,CA,979986572,1,1,681.76,3.1760634817183018,214.65565909632159
ca,CA,979986572,1,2,683.76,3.1750607527792454,215.35335958579066
ca,CA,979986572,2,0,730.953,3.1792765259742737,229.9117406202982
ca,CA,979986572,2,1,731.609,3.182790119200945,229.8640414856114
ca,CA,979986572,2,2,742.905,3.1823705956339836,233.44389902898797
ca,CA,979986572,3,0,696.156,3.180733248591423,218.86651460265972
ca,CA,979986572,3,1,718.323,3.1823385767638683,225.72173974350184
ca,CA,979986572,3,2,718.803,3.1797355264425278,226.0574799452561
